<?xml version='1.0' encoding='UTF-8'?>
<org.jvnet.hudson.plugins.thinbackup.backup.PluginList plugin="thinBackup@1.7.4">
  <plugins>
    <entry>
      <string>gitlab-hook</string>
      <string>1.4.1.1</string>
    </entry>
    <entry>
      <string>ssh-credentials</string>
      <string>1.11</string>
    </entry>
    <entry>
      <string>ruby-runtime</string>
      <string>0.12</string>
    </entry>
    <entry>
      <string>mapdb-api</string>
      <string>1.0.6.0</string>
    </entry>
    <entry>
      <string>translation</string>
      <string>1.12</string>
    </entry>
    <entry>
      <string>scm-api</string>
      <string>1.0</string>
    </entry>
    <entry>
      <string>javadoc</string>
      <string>1.3</string>
    </entry>
    <entry>
      <string>antisamy-markup-formatter</string>
      <string>1.3</string>
    </entry>
    <entry>
      <string>mailer</string>
      <string>1.16</string>
    </entry>
    <entry>
      <string>maven-plugin</string>
      <string>2.12.1</string>
    </entry>
    <entry>
      <string>windows-slaves</string>
      <string>1.1</string>
    </entry>
    <entry>
      <string>subversion</string>
      <string>2.5.7</string>
    </entry>
    <entry>
      <string>script-security</string>
      <string>1.15</string>
    </entry>
    <entry>
      <string>external-monitor-job</string>
      <string>1.4</string>
    </entry>
    <entry>
      <string>credentials</string>
      <string>1.24</string>
    </entry>
    <entry>
      <string>cvs</string>
      <string>2.12</string>
    </entry>
    <entry>
      <string>ant</string>
      <string>1.2</string>
    </entry>
    <entry>
      <string>ssh-slaves</string>
      <string>1.10</string>
    </entry>
    <entry>
      <string>github-api</string>
      <string>1.71</string>
    </entry>
    <entry>
      <string>pam-auth</string>
      <string>1.2</string>
    </entry>
    <entry>
      <string>Hudson core</string>
      <string>1.625.3</string>
    </entry>
    <entry>
      <string>maven-info</string>
      <string>0.2.0</string>
    </entry>
    <entry>
      <string>git-client</string>
      <string>1.19.1</string>
    </entry>
    <entry>
      <string>matrix-auth</string>
      <string>1.2</string>
    </entry>
    <entry>
      <string>git</string>
      <string>2.4.1</string>
    </entry>
    <entry>
      <string>junit</string>
      <string>1.10</string>
    </entry>
    <entry>
      <string>ldap</string>
      <string>1.11</string>
    </entry>
    <entry>
      <string>token-macro</string>
      <string>1.12.1</string>
    </entry>
    <entry>
      <string>matrix-project</string>
      <string>1.6</string>
    </entry>
    <entry>
      <string>plain-credentials</string>
      <string>1.1</string>
    </entry>
    <entry>
      <string>artifactory</string>
      <string>2.4.7</string>
    </entry>
    <entry>
      <string>github</string>
      <string>1.16.0</string>
    </entry>
    <entry>
      <string>thinBackup</string>
      <string>1.7.4</string>
    </entry>
    <entry>
      <string>config-file-provider</string>
      <string>2.10.0</string>
    </entry>
  </plugins>
</org.jvnet.hudson.plugins.thinbackup.backup.PluginList>